{"strokes":[],"notes":[{"id":"1775138630697-j6jxi7ed72a","text":"我不喜欢这个图标，现在快五一劳动节了，换成比较喜庆的五一标志","x":646.6666823167066,"y":130.2564063439002,"width":85.6410099909856,"height":76.92308866060696}],"clusters":[],"viewport":{"scale":1.3000000000000003,"offsetX":0,"offsetY":0},"exportedAt":"2026-04-02T14:03:54.967Z"}